{"data_mean_2d": [532.0835163565547, 419.74137558120003, 531.8095314362357, 418.2607140959499, 530.6845696830876, 493.54259286466254, 529.3696872290743, 575.9644851654803, 529.3357118913325, 587.2355196574644, 529.3863692073029, 586.318017630302, 532.2976764528629, 421.28483334982246, 531.939466313509, 494.7218679310467, 529.7198444740386, 578.9611036393283, 530.1051203065632, 587.8982350600166, 530.4944631094185, 585.4749416459723, 532.0838752038685, 419.7215386043081, 532.9369938236075, 370.6522505522881, 534.110185586839, 317.903423113612, 534.5541681454619, 304.2414390008471, 534.8695500439201, 282.31030885794667, 534.110185586839, 317.903423113612, 534.1130856750715, 330.1129679287782, 533.5363752584062, 376.27425107952274, 533.4938010568245, 391.7232456145298, 533.4938010568245, 391.7232456145298, 533.6289596461181, 384.30686720155205, 533.644351060793, 394.59252865840165, 533.644351060793, 394.59252865840165, 534.110185586839, 317.903423113612, 533.5257914249777, 330.09494668526725, 532.5080496257572, 374.1904790365164, 532.7278693355262, 380.6161571891995, 532.7278693355262, 380.6161571891995, 532.8967013348138, 373.0328620172805, 532.7829010469352, 381.2444816164648, 532.7829010469352, 381.2444816164648], "data_std_2d": [107.73640056632647, 63.35908715293127, 119.00836215445094, 64.12154429274793, 119.12412106402573, 50.53806214505954, 120.61688041431479, 56.38444889286369, 121.24595371042402, 57.423889243728624, 123.07478008761372, 58.12328418346729, 101.95735272862535, 62.8963648595277, 106.24832896571219, 48.41178119137707, 108.46734963957013, 54.581770692384666, 109.64753974442388, 55.22049065256579, 111.15010651550566, 55.615158992589706, 107.73617403828092, 63.36082297419691, 109.07369806463176, 68.70443671531466, 111.20130350472375, 74.87287863300989, 111.63203838963888, 77.80542514042936, 113.22330789611358, 79.90670556162975, 111.20130350472375, 74.87287863300989, 105.71458330124278, 73.27049437203257, 107.05804267166643, 73.93175782533872, 107.97449418517448, 83.30391805242135, 107.97449418517448, 83.30391805242135, 107.99044582589875, 84.93995214339344, 111.38810314496399, 88.48885923312858, 111.38810314496399, 88.48885923312858, 111.20130350472375, 74.87287863300989, 121.60675105903508, 74.25691527749441, 134.3437897403436, 77.48125087680438, 131.79990652239553, 89.8672112391702, 131.79990652239553, 89.8672112391702, 130.02930822189606, 89.72323325557238, 136.33686562223454, 100.01177581068576, 136.33686562223454, 100.01177581068576], "dim_to_ignore_2d": [8, 9, 10, 11, 18, 19, 20, 21, 22, 23, 28, 29, 32, 33, 40, 41, 42, 43, 44, 45, 46, 47, 48, 49, 56, 57, 58, 59, 60, 61, 62, 63], "dim_to_use_2d": [0, 1, 2, 3, 4, 5, 6, 7, 12, 13, 14, 15, 16, 17, 24, 25, 26, 27, 30, 31, 34, 35, 36, 37, 38, 39, 50, 51, 52, 53, 54, 55], "data_mean_3d": [0.0, 0.0, 0.0, -0.2556525886947801, -7.119605727416116, -0.9814330584948388, -5.654630512911174, 319.6360094052097, 71.93292692469369, -10.170583994141214, 691.147891657268, 155.3529862445556, -11.556063267619042, 742.1497253356404, 166.47728719822823, -11.844710199349018, 736.7630637064799, 165.18243684504364, 0.25565131489817966, 7.119546036952688, 0.9814238602344455, -5.09729779548788, 327.0404131275417, 72.22580948277303, -9.9965660618203, 708.2773832914069, 158.01640791345196, -11.264239970134991, 748.6368635545936, 166.66597679101667, -11.409083950296932, 736.4350641667342, 163.71381003704064, 0.001216608446575814, -0.08601106285558245, -0.01930005762655027, 2.905836755628733, -211.36330686630447, -47.421091522341804, 5.675378040751587, -435.08890570553115, -97.69740161233237, 5.938849636743834, -491.89197005409795, -110.66661784332692, 7.373520833615221, -583.9486185314574, -131.1714003592153, 5.675378040751587, -435.08890570553115, -97.69740161233237, 5.419206528924149, -383.93170195731375, -86.81454166710287, 2.9596466251662985, -187.56748832018533, -43.45369343684995, 1.265858216721359, -120.17057902524314, -28.25260491487501, 1.265858216721359, -120.17057902524314, -28.25260491487501, 1.579006980025866, -151.78024886560596, -35.20805483993435, 0.8845439929650558, -107.79535580945144, -25.630718856450653, 0.8845439929650558, -107.79535580945144, -25.630718856450653, 5.675378040751587, -435.08890570553115, -97.69740161233237, 4.67186639021005, -383.64408934471885, -85.51257837102314, 1.6764857129649635, -197.00717718979874, -43.13683634661126, 0.8705690141490147, -168.66456902427169, -37.39024980077856, 0.8705690141490147, -168.66456902427169, -37.39024980077856, 1.3998251249932083, -200.88425229015638, -44.72078749985584, 0.5245911145295765, -165.86777366764335, -36.834286386782594, 0.5245911145295765, -165.86777366764335, -36.834286386782594], "data_std_3d": [0.0, 0.0, 0.0, 110.7224395224947, 22.38817617425435, 72.46294421720373, 158.5631107906317, 189.33832206725427, 208.80479145798355, 191.79935232131174, 243.20061683387746, 247.5619329598469, 217.93804873141713, 263.28521663252366, 296.8340711643151, 238.58894437069443, 273.10184162210237, 328.8037017541383, 110.72180724487372, 22.388054332865146, 72.46252568188349, 158.80454092789694, 199.77187809476598, 214.7062978421496, 180.01944122294572, 250.52739312762097, 248.53247137512832, 213.54230838101486, 268.18606728904405, 301.93298650577293, 236.099536642125, 276.8968540947039, 335.28564968395244, 0.019933172010043965, 0.03284097436777874, 0.027427527942168718, 52.106940182707724, 52.1140552562803, 69.08241483855365, 95.15366543888484, 101.33031820020668, 128.99732515433234, 117.42457701224566, 126.48468958404062, 164.6509064797144, 123.60296575281787, 130.85538909944856, 164.33336500814266, 95.15366543888484, 101.33031820020668, 128.99732515433234, 146.02231892533874, 97.0795598515937, 139.5273125258419, 243.47531766057696, 129.82248593326003, 202.30181232857464, 244.68770047899037, 215.01816411816674, 239.3823472541272, 244.68770047899037, 215.01816411816674, 239.3823472541272, 229.5967804601632, 222.58930439315472, 234.16181055822355, 279.42248695083185, 257.310206217184, 280.3855455256947, 279.42248695083185, 257.310206217184, 280.3855455256947, 95.15366543888484, 101.33031820020668, 128.99732515433234, 138.76084446074105, 100.8926000113323, 142.44109658418046, 236.87528986742387, 144.91219013036832, 209.80829096235226, 244.00694913404303, 239.75028349768985, 255.20583985806604, 244.00694913404303, 239.75028349768985, 255.20583985806604, 232.85955881343241, 236.91075754542612, 247.3437528476897, 287.21998293914874, 305.74124862293587, 308.33688068256515, 287.21998293914874, 305.74124862293587, 308.33688068256515], "dim_to_ignore_3d": [0, 1, 2, 12, 13, 14, 15, 16, 17, 27, 28, 29, 30, 31, 32, 33, 34, 35, 48, 49, 50, 60, 61, 62, 63, 64, 65, 66, 67, 68, 69, 70, 71, 72, 73, 74, 84, 85, 86, 87, 88, 89, 90, 91, 92, 93, 94, 95], "dim_to_use_3d": [3, 4, 5, 6, 7, 8, 9, 10, 11, 18, 19, 20, 21, 22, 23, 24, 25, 26, 36, 37, 38, 39, 40, 41, 42, 43, 44, 45, 46, 47, 51, 52, 53, 54, 55, 56, 57, 58, 59, 75, 76, 77, 78, 79, 80, 81, 82, 83]}